role,skills
Data Scientist,Python SQL Machine Learning Statistics Data Analysis Pandas NumPy
DevOps Engineer,AWS Docker Kubernetes CI CD Automation Linux Cloud Computing
Backend Developer,Java Python SQL APIs Spring Boot REST Databases
Frontend Developer,JavaScript React CSS HTML Web Design UI UX
Cloud Architect,Cloud Computing AWS Azure Automation Networking Security
Data Engineer,Python SQL ETL Spark Hadoop Data Pipelines Cloud Computing
Machine Learning Engineer,Python Machine Learning TensorFlow Keras Deep Learning Model Deployment
Mobile App Developer,Java Kotlin Swift Mobile Development Android iOS
Cybersecurity Analyst,Network Security Penetration Testing Linux Python Risk Assessment
Database Administrator,SQL Databases Backup Recovery Performance Tuning Oracle MySQL
Full Stack Developer,JavaScript Python SQL React Node APIs Web Design
QA Automation Engineer,Automation Testing Selenium Python CI CD Quality Assurance
System Administrator,Linux Networking Automation Bash Scripting Server Management
Business Analyst,SQL Data Analysis Excel Reporting Statistics Communication
AI Research Engineer,Python Machine Learning Deep Learning Research Mathematics Statistics
